Model,MAE_DC,RMSE_DC,R2_DC,MAE_AC,RMSE_AC,R2_AC,Avg_R2
Linear Regression,0.00162989559213782,0.002304552595463749,0.9999248466119738,0.0014085091493933799,0.0020294319839535262,0.9999280497900057,0.9999264482009897
Gradient Boosting,0.0045044652972043775,0.0059475892169622594,0.9994994387270947,0.003951723634217556,0.005372608116445198,0.9994957413087782,0.9994975900179364
XGBoost,0.005055679160072697,0.007950209954150087,0.9991055985154091,0.00454560194583166,0.0071810269019884,0.9990991423476143,0.9991023704315117
Random Forest,0.005743571428571427,0.008529313780804829,0.998970554169241,0.00512757142857159,0.007714357995693199,0.9989603608087825,0.9989654574890117
